<?xml version="1.0" encoding="UTF-8" ?>
<beans xmlns="http://www.springframework.org/schema/beans"
	xmlns:xsi="http://www.w3.org/2001/XMLSchema-instance" xmlns:tx="http://www.springframework.org/schema/tx"
	xmlns:aop="http://www.springframework.org/schema/aop"
	xmlns:context="http://www.springframework.org/schema/context"
    xmlns:p="http://www.springframework.org/schema/p"
	xsi:schemaLocation="http://www.springframework.org/schema/beans http://www.springframework.org/schema/beans/spring-beans-3.0.xsd
    http://www.springframework.org/schema/tx http://www.springframework.org/schema/tx/spring-tx-3.0.xsd
    http://www.springframework.org/schema/context http://www.springframework.org/schema/context/spring-context-3.0.xsd 
    http://www.springframework.org/schema/aop http://www.springframework.org/schema/aop/spring-aop-3.0.xsd">
    <context:component-scan base-package="com.cms.service"/>
	<bean id="transactionManager"
		  class="org.springframework.orm.hibernate3.HibernateTransactionManager"
		  p:sessionFactory-ref="sessionFactory" />
     
	<aop:config>
		<aop:pointcut id="serviceMethod"
			expression="execution(* org.zqu.service.*Service.*(..))" />
		<aop:advisor pointcut-ref="serviceMethod" advice-ref="txAdvice" />
	</aop:config>
	
	<tx:advice id="txAdvice" transaction-manager="transactionManager">
		<tx:attributes>
			<tx:method name="*" />
		</tx:attributes>
	</tx:advice>
</beans>